unique_id,tissue,cell_type,patient_id,cancer_type,batch,mutational_subclass
"""3-Breast-Her2-ampl""","""tissue: blood""","""cell type: Thrombocytes""","""patient id: Breast-03""","""cancer type: Breast""","""batch: Batch03""","""mutational subclass: HER2+"""
"""8-Breast-WT""","""tissue: blood""","""cell type: Thrombocytes""","""patient id: Breast-08""","""cancer type: Breast""","""batch: Batch03""","""mutational subclass: wt"""
"""10-Breast-Her2-ampl""","""tissue: blood""","""cell type: Thrombocytes""","""patient id: Breast-10""","""cancer type: Breast""","""batch: Batch03""","""mutational subclass: HER2+"""
"""Breast-100""","""tissue: blood""","""cell type: Thrombocytes""","""patient id: Breast-100""","""cancer type: Breast""","""batch: Batch04""","""mutational subclass: Triple Negative"""
"""15-Breast-Her2-ampl""","""tissue: blood""","""cell type: Thrombocytes""","""patient id: Breast-15""","""cancer type: Breast""","""batch: Batch03""","""mutational subclass: HER2+"""
"""16-Breast-WT""","""tissue: blood""","""cell type: Thrombocytes""","""patient id: Breast-16""","""cancer type: Breast""","""batch: Batch03""","""mutational subclass: Triple Negative"""
"""21-Breast-WT""","""tissue: blood""","""cell type: Thrombocytes""","""patient id: Breast-21""","""cancer type: Breast""","""batch: Batch03""","""mutational subclass: wt"""
"""33-Breast-Her2-ampl""","""tissue: blood""","""cell type: Thrombocytes""","""patient id: Breast-33""","""cancer type: Breast""","""batch: Batch03""","""mutational subclass: HER2+"""
"""42-Breast-Her2-ampl""","""tissue: blood""","""cell type: Thrombocytes""","""patient id: Breast-42""","""cancer type: Breast""","""batch: Batch03""","""mutational subclass: HER2+, PIK3CA"""
"""Breast-454""","""tissue: blood""","""cell type: Thrombocytes""","""patient id: Breast-454""","""cancer type: Breast""","""batch: Batch04""","""mutational subclass: wt"""
"""48-Breast-WT""","""tissue: blood""","""cell type: Thrombocytes""","""patient id: Breast-48""","""cancer type: Breast""","""batch: Batch03""","""mutational subclass: wt"""
"""50-Breast-WT""","""tissue: blood""","""cell type: Thrombocytes""","""patient id: Breast-50""","""cancer type: Breast""","""batch: Batch03""","""mutational subclass: wt"""
"""55-Breast-WT""","""tissue: blood""","""cell type: Thrombocytes""","""patient id: Breast-55""","""cancer type: Breast""","""batch: Batch03""","""mutational subclass: Triple Negative"""
"""Type-Unknown-6""","""tissue: blood""","""cell type: Thrombocytes""","""patient id: Breast-56""","""cancer type: Breast""","""batch: Batch03""","""mutational subclass: PIK3CA"""
"""Breast-564""","""tissue: blood""","""cell type: Thrombocytes""","""patient id: Breast-564""","""cancer type: Breast""","""batch: Batch04""","""mutational subclass: wt"""
"""59-Breast-WT""","""tissue: blood""","""cell type: Thrombocytes""","""patient id: Breast-59""","""cancer type: Breast""","""batch: Batch03""","""mutational subclass: PIK3CA"""
"""Breast-590""","""tissue: blood""","""cell type: Thrombocytes""","""patient id: Breast-590""","""cancer type: Breast""","""batch: Batch04""","""mutational subclass: wt"""
"""Breast-60""","""tissue: blood""","""cell type: Thrombocytes""","""patient id: Breast-60""","""cancer type: Breast""","""batch: Batch04""","""mutational subclass: Triple Negative"""
"""Breast-603""","""tissue: blood""","""cell type: Thrombocytes""","""patient id: Breast-603""","""cancer type: Breast""","""batch: Batch04""","""mutational subclass: wt"""
"""ALK61-Breast-Her2-unknown""","""tissue: blood""","""cell type: Thrombocytes""","""patient id: Breast-61""","""cancer type: Breast""","""batch: Batch03""","""mutational subclass: Triple Negative"""
"""Breast-85""","""tissue: blood""","""cell type: Thrombocytes""","""patient id: Breast-85""","""cancer type: Breast""","""batch: Batch04""","""mutational subclass: Triple Negative"""
"""Breast-86""","""tissue: blood""","""cell type: Thrombocytes""","""patient id: Breast-86""","""cancer type: Breast""","""batch: Batch04""","""mutational subclass: wt"""
"""97-Breast-Her2-ampl""","""tissue: blood""","""cell type: Thrombocytes""","""patient id: Breast-97""","""cancer type: Breast""","""batch: Batch03""","""mutational subclass: HER2+, PIK3CA"""
"""Breast-ALK-82""","""tissue: blood""","""cell type: Thrombocytes""","""patient id: Breast-ALK-82""","""cancer type: Breast""","""batch: Batch04""","""mutational subclass: wt"""
"""292-Liver-KRAS""","""tissue: blood""","""cell type: Thrombocytes""","""patient id: Chol-292""","""cancer type: Hepatobiliary""","""batch: Batch03""","""mutational subclass: KRAS"""
"""316-Liver-KRAS""","""tissue: blood""","""cell type: Thrombocytes""","""patient id: Chol-316""","""cancer type: Hepatobiliary""","""batch: Batch03""","""mutational subclass: KRAS"""
"""341-Liver-WT""","""tissue: blood""","""cell type: Thrombocytes""","""patient id: Chol-341""","""cancer type: Hepatobiliary""","""batch: Batch03""","""mutational subclass: wt"""
"""376-Liver-WT""","""tissue: blood""","""cell type: Thrombocytes""","""patient id: Chol-376""","""cancer type: Hepatobiliary""","""batch: Batch03""","""mutational subclass: wt"""
"""379-Liver-WT""","""tissue: blood""","""cell type: Thrombocytes""","""patient id: Chol-379""","""cancer type: Hepatobiliary""","""batch: Batch03""","""mutational subclass: wt"""
"""Chol-410""","""tissue: blood""","""cell type: Thrombocytes""","""patient id: Chol-410""","""cancer type: Hepatobiliary""","""batch: Batch04""","""mutational subclass: KRAS"""
"""Chol-442""","""tissue: blood""","""cell type: Thrombocytes""","""patient id: Chol-442""","""cancer type: Hepatobiliary""","""batch: Batch04""","""mutational subclass: wt"""
"""Chol-460""","""tissue: blood""","""cell type: Thrombocytes""","""patient id: Chol-460""","""cancer type: Hepatobiliary""","""batch: Batch04""","""mutational subclass: wt"""
"""Chol-611""","""tissue: blood""","""cell type: Thrombocytes""","""patient id: Chol-611""","""cancer type: Hepatobiliary""","""batch: Batch04""","""mutational subclass: wt"""
"""Chol-ALK-28""","""tissue: blood""","""cell type: Thrombocytes""","""patient id: Chol-ALK-28""","""cancer type: Hepatobiliary""","""batch: Batch04""","""mutational subclass: KRAS"""
"""VU256-CRC""","""tissue: blood""","""cell type: Thrombocytes""","""patient id: CRC-256""","""cancer type: CRC""","""batch: Batch02""","""mutational subclass: PIK3CA"""
"""VU258-CRC""","""tissue: blood""","""cell type: Thrombocytes""","""patient id: CRC-258""","""cancer type: CRC""","""batch: Batch02""","""mutational subclass: wt"""
"""VU272-CRC""","""tissue: blood""","""cell type: Thrombocytes""","""patient id: CRC-272""","""cancer type: CRC""","""batch: Batch02""","""mutational subclass: PIK3CA"""
"""VU276-CRC""","""tissue: blood""","""cell type: Thrombocytes""","""patient id: CRC-276""","""cancer type: CRC""","""batch: Batch02""","""mutational subclass: wt"""
"""Type-Unknown-1""","""tissue: blood""","""cell type: Thrombocytes""","""patient id: CRC-304""","""cancer type: CRC""","""batch: Batch03""","""mutational subclass: wt"""
"""329-CRC-KRAS""","""tissue: blood""","""cell type: Thrombocytes""","""patient id: CRC-329""","""cancer type: CRC""","""batch: Batch03""","""mutational subclass: KRAS"""
"""342-CRC-KRAS""","""tissue: blood""","""cell type: Thrombocytes""","""patient id: CRC-342""","""cancer type: CRC""","""batch: Batch03""","""mutational subclass: KRAS"""
"""Type-Unknown-5""","""tissue: blood""","""cell type: Thrombocytes""","""patient id: CRC-351""","""cancer type: CRC""","""batch: Batch03""","""mutational subclass: KRAS"""
"""354-CRC-WT""","""tissue: blood""","""cell type: Thrombocytes""","""patient id: CRC-354""","""cancer type: CRC""","""batch: Batch03""","""mutational subclass: wt"""
"""356-CRC-WT""","""tissue: blood""","""cell type: Thrombocytes""","""patient id: CRC-356""","""cancer type: CRC""","""batch: Batch03""","""mutational subclass: wt"""
"""CRC-357""","""tissue: blood""","""cell type: Thrombocytes""","""patient id: CRC-357""","""cancer type: CRC""","""batch: Batch04""","""mutational subclass: wt"""
"""374-CRC-WT""","""tissue: blood""","""cell type: Thrombocytes""","""patient id: CRC-374""","""cancer type: CRC""","""batch: Batch03""","""mutational subclass: wt"""
"""378-CRC-WT""","""tissue: blood""","""cell type: Thrombocytes""","""patient id: CRC-378""","""cancer type: CRC""","""batch: Batch03""","""mutational subclass: wt"""
"""420-CRC-WT""","""tissue: blood""","""cell type: Thrombocytes""","""patient id: CRC-420""","""cancer type: CRC""","""batch: Batch03""","""mutational subclass: wt"""
"""429-CRC-WT""","""tissue: blood""","""cell type: Thrombocytes""","""patient id: CRC-429""","""cancer type: CRC""","""batch: Batch03""","""mutational subclass: wt"""
"""CRC-450""","""tissue: blood""","""cell type: Thrombocytes""","""patient id: CRC-450""","""cancer type: CRC""","""batch: Batch04""","""mutational subclass: wt"""
"""453-CRC-KRAS""","""tissue: blood""","""cell type: Thrombocytes""","""patient id: CRC-453""","""cancer type: CRC""","""batch: Batch03""","""mutational subclass: KRAS"""
"""CRC-459""","""tissue: blood""","""cell type: Thrombocytes""","""patient id: CRC-459""","""cancer type: CRC""","""batch: Batch04""","""mutational subclass: wt"""
"""462-CRC-KRAS""","""tissue: blood""","""cell type: Thrombocytes""","""patient id: CRC-462""","""cancer type: CRC""","""batch: Batch03""","""mutational subclass: KRAS"""
"""CRC-463""","""tissue: blood""","""cell type: Thrombocytes""","""patient id: CRC-463""","""cancer type: CRC""","""batch: Batch04""","""mutational subclass: wt"""
"""466-CRC-KRAS""","""tissue: blood""","""cell type: Thrombocytes""","""patient id: CRC-466""","""cancer type: CRC""","""batch: Batch03""","""mutational subclass: KRAS"""
"""474-CRC-WT""","""tissue: blood""","""cell type: Thrombocytes""","""patient id: CRC-474""","""cancer type: CRC""","""batch: Batch03""","""mutational subclass: wt"""
"""CRC-487""","""tissue: blood""","""cell type: Thrombocytes""","""patient id: CRC-487""","""cancer type: CRC""","""batch: Batch04""","""mutational subclass: wt"""
"""CRC-496""","""tissue: blood""","""cell type: Thrombocytes""","""patient id: CRC-496""","""cancer type: CRC""","""batch: Batch04""","""mutational subclass: wt"""
"""497-CRC-KRAS""","""tissue: blood""","""cell type: Thrombocytes""","""patient id: CRC-497""","""cancer type: CRC""","""batch: Batch03""","""mutational subclass: KRAS"""
"""504-CRC-WT""","""tissue: blood""","""cell type: Thrombocytes""","""patient id: CRC-504""","""cancer type: CRC""","""batch: Batch03""","""mutational subclass: wt"""
"""CRC-511""","""tissue: blood""","""cell type: Thrombocytes""","""patient id: CRC-511""","""cancer type: CRC""","""batch: Batch04""","""mutational subclass: KRAS"""
"""CRC-523""","""tissue: blood""","""cell type: Thrombocytes""","""patient id: CRC-523""","""cancer type: CRC""","""batch: Batch04""","""mutational subclass: KRAS"""
"""CRC-524""","""tissue: blood""","""cell type: Thrombocytes""","""patient id: CRC-524""","""cancer type: CRC""","""batch: Batch04""","""mutational subclass: KRAS"""
"""527-CRC-WT""","""tissue: blood""","""cell type: Thrombocytes""","""patient id: CRC-527""","""cancer type: CRC""","""batch: Batch03""","""mutational subclass: wt"""
"""CRC-531""","""tissue: blood""","""cell type: Thrombocytes""","""patient id: CRC-531""","""cancer type: CRC""","""batch: Batch04""","""mutational subclass: wt"""
"""543-CRC-KRAS""","""tissue: blood""","""cell type: Thrombocytes""","""patient id: CRC-543""","""cancer type: CRC""","""batch: Batch03""","""mutational subclass: KRAS"""
"""546-CRC-KRAS""","""tissue: blood""","""cell type: Thrombocytes""","""patient id: CRC-546""","""cancer type: CRC""","""batch: Batch03""","""mutational subclass: KRAS"""
"""548-CRC-KRAS""","""tissue: blood""","""cell type: Thrombocytes""","""patient id: CRC-548""","""cancer type: CRC""","""batch: Batch03""","""mutational subclass: KRAS"""
"""CRC-552""","""tissue: blood""","""cell type: Thrombocytes""","""patient id: CRC-552""","""cancer type: CRC""","""batch: Batch04""","""mutational subclass: KRAS"""
"""556-CRC-WT""","""tissue: blood""","""cell type: Thrombocytes""","""patient id: CRC-556""","""cancer type: CRC""","""batch: Batch03""","""mutational subclass: wt"""
"""CRC-565""","""tissue: blood""","""cell type: Thrombocytes""","""patient id: CRC-565""","""cancer type: CRC""","""batch: Batch04""","""mutational subclass: wt"""
"""CRC-576""","""tissue: blood""","""cell type: Thrombocytes""","""patient id: CRC-576""","""cancer type: CRC""","""batch: Batch04""","""mutational subclass: wt"""
"""VU280-GBM""","""tissue: blood""","""cell type: Thrombocytes""","""patient id: GBM-280""","""cancer type: GBM""","""batch: Batch02""","""mutational subclass: wt"""
"""VU284-GBM-vIII""","""tissue: blood""","""cell type: Thrombocytes""","""patient id: GBM-284""","""cancer type: GBM""","""batch: Batch03""","""mutational subclass: wt"""
"""VU306-GBM-vIII""","""tissue: blood""","""cell type: Thrombocytes""","""patient id: GBM-306""","""cancer type: GBM""","""batch: Batch03""","""mutational subclass: wt"""
"""VU360-GBM-WT""","""tissue: blood""","""cell type: Thrombocytes""","""patient id: GBM-360""","""cancer type: GBM""","""batch: Batch03""","""mutational subclass: wt"""
"""VU372-GBM-vIII""","""tissue: blood""","""cell type: Thrombocytes""","""patient id: GBM-372""","""cancer type: GBM""","""batch: Batch03""","""mutational subclass: wt"""
"""VU378-GBM""","""tissue: blood""","""cell type: Thrombocytes""","""patient id: GBM-378""","""cancer type: GBM""","""batch: Batch02""","""mutational subclass: wt"""
"""VU383Platelet-hiseq""","""tissue: blood""","""cell type: Thrombocytes""","""patient id: GBM-383""","""cancer type: GBM""","""batch: Batch01""","""mutational subclass: wt"""
"""VU393-GBM-vIII""","""tissue: blood""","""cell type: Thrombocytes""","""patient id: GBM-393""","""cancer type: GBM""","""batch: Batch03""","""mutational subclass: wt"""
"""VU394Platelet-hiseq""","""tissue: blood""","""cell type: Thrombocytes""","""patient id: GBM-394""","""cancer type: GBM""","""batch: Batch01""","""mutational subclass: wt"""
"""VU398-GBM""","""tissue: blood""","""cell type: Thrombocytes""","""patient id: GBM-398""","""cancer type: GBM""","""batch: Batch02""","""mutational subclass: wt"""
"""VU402-2-GBM""","""tissue: blood""","""cell type: Thrombocytes""","""patient id: GBM-402""","""cancer type: GBM""","""batch: Batch02""","""mutational subclass: wt"""
"""VU406-2-GBM""","""tissue: blood""","""cell type: Thrombocytes""","""patient id: GBM-406""","""cancer type: GBM""","""batch: Batch02""","""mutational subclass: wt"""
"""VU408-GBM""","""tissue: blood""","""cell type: Thrombocytes""","""patient id: GBM-408""","""cancer type: GBM""","""batch: Batch02""","""mutational subclass: wt"""
"""VU417-GBM-vIII""","""tissue: blood""","""cell type: Thrombocytes""","""patient id: GBM-417""","""cancer type: GBM""","""batch: Batch03""","""mutational subclass: wt"""
"""VU418-GBM""","""tissue: blood""","""cell type: Thrombocytes""","""patient id: GBM-418""","""cancer type: GBM""","""batch: Batch02""","""mutational subclass: wt"""
"""VU419-GBM""","""tissue: blood""","""cell type: Thrombocytes""","""patient id: GBM-419""","""cancer type: GBM""","""batch: Batch02""","""mutational subclass: wt"""
"""VU421-GBM""","""tissue: blood""","""cell type: Thrombocytes""","""patient id: GBM-421""","""cancer type: GBM""","""batch: Batch02""","""mutational subclass: wt"""
"""VU422-GBM""","""tissue: blood""","""cell type: Thrombocytes""","""patient id: GBM-422""","""cancer type: GBM""","""batch: Batch02""","""mutational subclass: wt"""
"""VU425-GBM""","""tissue: blood""","""cell type: Thrombocytes""","""patient id: GBM-425""","""cancer type: GBM""","""batch: Batch02""","""mutational subclass: wt"""
"""VU429-1-GBM-vIII""","""tissue: blood""","""cell type: Thrombocytes""","""patient id: GBM-429""","""cancer type: GBM""","""batch: Batch03""","""mutational subclass: wt"""
"""VU430-GBM""","""tissue: blood""","""cell type: Thrombocytes""","""patient id: GBM-430""","""cancer type: GBM""","""batch: Batch02""","""mutational subclass: wt"""
"""VU431-1-GBM-vIII""","""tissue: blood""","""cell type: Thrombocytes""","""patient id: GBM-431""","""cancer type: GBM""","""batch: Batch03""","""mutational subclass: wt"""
"""VU436-1-GBM-vIII""","""tissue: blood""","""cell type: Thrombocytes""","""patient id: GBM-436""","""cancer type: GBM""","""batch: Batch03""","""mutational subclass: wt"""
"""GBM-438""","""tissue: blood""","""cell type: Thrombocytes""","""patient id: GBM-438""","""cancer type: GBM""","""batch: Batch04""","""mutational subclass: wt"""
"""VU439-1-GBM-vIII""","""tissue: blood""","""cell type: Thrombocytes""","""patient id: GBM-439""","""cancer type: GBM""","""batch: Batch03""","""mutational subclass: wt"""
"""GBM-440""","""tissue: blood""","""cell type: Thrombocytes""","""patient id: GBM-440""","""cancer type: GBM""","""batch: Batch04""","""mutational subclass: wt"""
"""VU443-1-GBM-WT""","""tissue: blood""","""cell type: Thrombocytes""","""patient id: GBM-443""","""cancer type: GBM""","""batch: Batch03""","""mutational subclass: wt"""
"""VU445-1-GBM-WT""","""tissue: blood""","""cell type: Thrombocytes""","""patient id: GBM-445""","""cancer type: GBM""","""batch: Batch03""","""mutational subclass: wt"""
"""VU454-1-GBM-WT""","""tissue: blood""","""cell type: Thrombocytes""","""patient id: GBM-454""","""cancer type: GBM""","""batch: Batch03""","""mutational subclass: wt"""
"""VU456-1-GBM-WT""","""tissue: blood""","""cell type: Thrombocytes""","""patient id: GBM-456""","""cancer type: GBM""","""batch: Batch03""","""mutational subclass: wt"""
"""VU468-1-GBM-WT""","""tissue: blood""","""cell type: Thrombocytes""","""patient id: GBM-468""","""cancer type: GBM""","""batch: Batch03""","""mutational subclass: wt"""
"""GBM-471""","""tissue: blood""","""cell type: Thrombocytes""","""patient id: GBM-471""","""cancer type: GBM""","""batch: Batch04""","""mutational subclass: wt"""
"""GBM-475""","""tissue: blood""","""cell type: Thrombocytes""","""patient id: GBM-475""","""cancer type: GBM""","""batch: Batch04""","""mutational subclass: wt"""
"""GBM-476""","""tissue: blood""","""cell type: Thrombocytes""","""patient id: GBM-476""","""cancer type: GBM""","""batch: Batch04""","""mutational subclass: wt"""
"""GBM-480""","""tissue: blood""","""cell type: Thrombocytes""","""patient id: GBM-480""","""cancer type: GBM""","""batch: Batch04""","""mutational subclass: wt"""
"""GBM-484""","""tissue: blood""","""cell type: Thrombocytes""","""patient id: GBM-484""","""cancer type: GBM""","""batch: Batch04""","""mutational subclass: wt"""
"""GBM-485""","""tissue: blood""","""cell type: Thrombocytes""","""patient id: GBM-485""","""cancer type: GBM""","""batch: Batch04""","""mutational subclass: wt"""
"""GBM-486""","""tissue: blood""","""cell type: Thrombocytes""","""patient id: GBM-486""","""cancer type: GBM""","""batch: Batch04""","""mutational subclass: wt"""
"""GBM-499""","""tissue: blood""","""cell type: Thrombocytes""","""patient id: GBM-499""","""cancer type: GBM""","""batch: Batch04""","""mutational subclass: wt"""
"""GBM-505""","""tissue: blood""","""cell type: Thrombocytes""","""patient id: GBM-505""","""cancer type: GBM""","""batch: Batch04""","""mutational subclass: wt"""
"""HD-1""","""tissue: blood""","""cell type: Thrombocytes""","""patient id: HC-01""","""cancer type: HC""","""batch: Batch02""","""mutational subclass: wt"""
"""HD-2-1""","""tissue: blood""","""cell type: Thrombocytes""","""patient id: HC-02""","""cancer type: HC""","""batch: Batch03""","""mutational subclass: wt"""
"""HD-3-1""","""tissue: blood""","""cell type: Thrombocytes""","""patient id: HC-03""","""cancer type: HC""","""batch: Batch03""","""mutational subclass: wt"""
"""HD-4""","""tissue: blood""","""cell type: Thrombocytes""","""patient id: HC-04""","""cancer type: HC""","""batch: Batch02""","""mutational subclass: wt"""
"""HD-5""","""tissue: blood""","""cell type: Thrombocytes""","""patient id: HC-05""","""cancer type: HC""","""batch: Batch02""","""mutational subclass: wt"""
"""HD-7""","""tissue: blood""","""cell type: Thrombocytes""","""patient id: HC-06""","""cancer type: HC""","""batch: Batch02""","""mutational subclass: wt"""
"""HD-8""","""tissue: blood""","""cell type: Thrombocytes""","""patient id: HC-07""","""cancer type: HC""","""batch: Batch02""","""mutational subclass: wt"""
"""HD-9""","""tissue: blood""","""cell type: Thrombocytes""","""patient id: HC-08""","""cancer type: HC""","""batch: Batch02""","""mutational subclass: wt"""
"""HD-10""","""tissue: blood""","""cell type: Thrombocytes""","""patient id: HC-09""","""cancer type: HC""","""batch: Batch02""","""mutational subclass: wt"""
"""HD-11-1""","""tissue: blood""","""cell type: Thrombocytes""","""patient id: HC-10""","""cancer type: HC""","""batch: Batch03""","""mutational subclass: wt"""
"""HD-13-1""","""tissue: blood""","""cell type: Thrombocytes""","""patient id: HC-11""","""cancer type: HC""","""batch: Batch03""","""mutational subclass: wt"""
"""HD-14-1""","""tissue: blood""","""cell type: Thrombocytes""","""patient id: HC-12""","""cancer type: HC""","""batch: Batch03""","""mutational subclass: wt"""
"""HD-15-1""","""tissue: blood""","""cell type: Thrombocytes""","""patient id: HC-13""","""cancer type: HC""","""batch: Batch03""","""mutational subclass: wt"""
"""HD-16-1""","""tissue: blood""","""cell type: Thrombocytes""","""patient id: HC-14""","""cancer type: HC""","""batch: Batch03""","""mutational subclass: wt"""
"""HD-20-1""","""tissue: blood""","""cell type: Thrombocytes""","""patient id: HC-15""","""cancer type: HC""","""batch: Batch03""","""mutational subclass: wt"""
"""HD-22-1""","""tissue: blood""","""cell type: Thrombocytes""","""patient id: HC-16""","""cancer type: HC""","""batch: Batch03""","""mutational subclass: wt"""
"""HD-34-1""","""tissue: blood""","""cell type: Thrombocytes""","""patient id: HC-17""","""cancer type: HC""","""batch: Batch03""","""mutational subclass: wt"""
"""HD-39-1""","""tissue: blood""","""cell type: Thrombocytes""","""patient id: HC-18""","""cancer type: HC""","""batch: Batch03""","""mutational subclass: wt"""
"""HD-40-1""","""tissue: blood""","""cell type: Thrombocytes""","""patient id: HC-19""","""cancer type: HC""","""batch: Batch03""","""mutational subclass: wt"""
"""HD-45-1""","""tissue: blood""","""cell type: Thrombocytes""","""patient id: HC-20""","""cancer type: HC""","""batch: Batch03""","""mutational subclass: wt"""
"""HD-46-1""","""tissue: blood""","""cell type: Thrombocytes""","""patient id: HC-21""","""cancer type: HC""","""batch: Batch03""","""mutational subclass: wt"""
"""Control-2""","""tissue: blood""","""cell type: Thrombocytes""","""patient id: HC-22""","""cancer type: HC""","""batch: Batch02""","""mutational subclass: wt"""
"""Control-3""","""tissue: blood""","""cell type: Thrombocytes""","""patient id: HC-23""","""cancer type: HC""","""batch: Batch02""","""mutational subclass: wt"""
"""Control-4""","""tissue: blood""","""cell type: Thrombocytes""","""patient id: HC-24""","""cancer type: HC""","""batch: Batch02""","""mutational subclass: wt"""
"""Control-5""","""tissue: blood""","""cell type: Thrombocytes""","""patient id: HC-25""","""cancer type: HC""","""batch: Batch02""","""mutational subclass: wt"""
"""Control-6""","""tissue: blood""","""cell type: Thrombocytes""","""patient id: HC-26""","""cancer type: HC""","""batch: Batch02""","""mutational subclass: wt"""
"""Control-8""","""tissue: blood""","""cell type: Thrombocytes""","""patient id: HC-27""","""cancer type: HC""","""batch: Batch02""","""mutational subclass: wt"""
"""Control-9""","""tissue: blood""","""cell type: Thrombocytes""","""patient id: HC-28""","""cancer type: HC""","""batch: Batch02""","""mutational subclass: wt"""
"""Control-10""","""tissue: blood""","""cell type: Thrombocytes""","""patient id: HC-29""","""cancer type: HC""","""batch: Batch02""","""mutational subclass: wt"""
"""Control-13""","""tissue: blood""","""cell type: Thrombocytes""","""patient id: HC-30""","""cancer type: HC""","""batch: Batch02""","""mutational subclass: wt"""
"""Type-Unknown-3""","""tissue: blood""","""cell type: Thrombocytes""","""patient id: HC-31""","""cancer type: HC""","""batch: Batch03""","""mutational subclass: wt"""
"""HD-17-1""","""tissue: blood""","""cell type: Thrombocytes""","""patient id: HC-32""","""cancer type: HC""","""batch: Batch04""","""mutational subclass: wt"""
"""HD-18-2""","""tissue: blood""","""cell type: Thrombocytes""","""patient id: HC-33""","""cancer type: HC""","""batch: Batch04""","""mutational subclass: wt"""
"""HD-21-1""","""tissue: blood""","""cell type: Thrombocytes""","""patient id: HC-34""","""cancer type: HC""","""batch: Batch04""","""mutational subclass: wt"""
"""HD-24-2""","""tissue: blood""","""cell type: Thrombocytes""","""patient id: HC-35""","""cancer type: HC""","""batch: Batch04""","""mutational subclass: wt"""
"""HD-25-2""","""tissue: blood""","""cell type: Thrombocytes""","""patient id: HC-36""","""cancer type: HC""","""batch: Batch04""","""mutational subclass: wt"""
"""HD-26-2""","""tissue: blood""","""cell type: Thrombocytes""","""patient id: HC-37""","""cancer type: HC""","""batch: Batch04""","""mutational subclass: wt"""
"""HD-27-2""","""tissue: blood""","""cell type: Thrombocytes""","""patient id: HC-38""","""cancer type: HC""","""batch: Batch04""","""mutational subclass: wt"""
"""HD-29-2""","""tissue: blood""","""cell type: Thrombocytes""","""patient id: HC-39""","""cancer type: HC""","""batch: Batch04""","""mutational subclass: wt"""
"""HD-30-2""","""tissue: blood""","""cell type: Thrombocytes""","""patient id: HC-40""","""cancer type: HC""","""batch: Batch04""","""mutational subclass: wt"""
"""HD-31""","""tissue: blood""","""cell type: Thrombocytes""","""patient id: HC-41""","""cancer type: HC""","""batch: Batch04""","""mutational subclass: wt"""
"""HD-32-2""","""tissue: blood""","""cell type: Thrombocytes""","""patient id: HC-42""","""cancer type: HC""","""batch: Batch04""","""mutational subclass: wt"""
"""HD-33-1""","""tissue: blood""","""cell type: Thrombocytes""","""patient id: HC-43""","""cancer type: HC""","""batch: Batch04""","""mutational subclass: wt"""
"""HD-35-2""","""tissue: blood""","""cell type: Thrombocytes""","""patient id: HC-44""","""cancer type: HC""","""batch: Batch04""","""mutational subclass: wt"""
"""HD-36""","""tissue: blood""","""cell type: Thrombocytes""","""patient id: HC-45""","""cancer type: HC""","""batch: Batch04""","""mutational subclass: wt"""
"""HD-37-2""","""tissue: blood""","""cell type: Thrombocytes""","""patient id: HC-46""","""cancer type: HC""","""batch: Batch04""","""mutational subclass: wt"""
"""HD-38-2""","""tissue: blood""","""cell type: Thrombocytes""","""patient id: HC-47""","""cancer type: HC""","""batch: Batch04""","""mutational subclass: wt"""
"""HD-44-2""","""tissue: blood""","""cell type: Thrombocytes""","""patient id: HC-48""","""cancer type: HC""","""batch: Batch04""","""mutational subclass: wt"""
"""HD-47-1""","""tissue: blood""","""cell type: Thrombocytes""","""patient id: HC-49""","""cancer type: HC""","""batch: Batch04""","""mutational subclass: wt"""
"""HD-48-1""","""tissue: blood""","""cell type: Thrombocytes""","""patient id: HC-50""","""cancer type: HC""","""batch: Batch04""","""mutational subclass: wt"""
"""HD-49-1""","""tissue: blood""","""cell type: Thrombocytes""","""patient id: HC-51""","""cancer type: HC""","""batch: Batch04""","""mutational subclass: wt"""
"""HD-50-1""","""tissue: blood""","""cell type: Thrombocytes""","""patient id: HC-52""","""cancer type: HC""","""batch: Batch04""","""mutational subclass: wt"""
"""HD-51-1""","""tissue: blood""","""cell type: Thrombocytes""","""patient id: HC-53""","""cancer type: HC""","""batch: Batch04""","""mutational subclass: wt"""
"""HD-53-1""","""tissue: blood""","""cell type: Thrombocytes""","""patient id: HC-54""","""cancer type: HC""","""batch: Batch04""","""mutational subclass: wt"""
"""HD-54-1""","""tissue: blood""","""cell type: Thrombocytes""","""patient id: HC-55""","""cancer type: HC""","""batch: Batch04""","""mutational subclass: wt"""
"""VU274-CRC""","""tissue: blood""","""cell type: Thrombocytes""","""patient id: Liver-274""","""cancer type: Hepatobiliary""","""batch: Batch02""","""mutational subclass: wt"""
"""297-Liver-WT""","""tissue: blood""","""cell type: Thrombocytes""","""patient id: Liver-297""","""cancer type: Hepatobiliary""","""batch: Batch03""","""mutational subclass: wt"""
"""366-Liver-WT""","""tissue: blood""","""cell type: Thrombocytes""","""patient id: Liver-366""","""cancer type: Hepatobiliary""","""batch: Batch03""","""mutational subclass: wt"""
"""Lung-0082""","""tissue: blood""","""cell type: Thrombocytes""","""patient id: Lung-0082""","""cancer type: Lung""","""batch: Batch04""","""mutational subclass: MET"""
"""Lung-0096""","""tissue: blood""","""cell type: Thrombocytes""","""patient id: Lung-0096""","""cancer type: Lung""","""batch: Batch04""","""mutational subclass: wt"""
"""Lung-0001""","""tissue: blood""","""cell type: Thrombocytes""","""patient id: Lung-01""","""cancer type: Lung""","""batch: Batch02""","""mutational subclass: KRAS"""
"""Lung-0100""","""tissue: blood""","""cell type: Thrombocytes""","""patient id: Lung-0100""","""cancer type: Lung""","""batch: Batch04""","""mutational subclass: EGFR, MET"""
"""Lung-0101""","""tissue: blood""","""cell type: Thrombocytes""","""patient id: Lung-0101""","""cancer type: Lung""","""batch: Batch04""","""mutational subclass: wt"""
"""Lung-0102""","""tissue: blood""","""cell type: Thrombocytes""","""patient id: Lung-0102""","""cancer type: Lung""","""batch: Batch04""","""mutational subclass: EGFR, MET"""
"""Lung-0104""","""tissue: blood""","""cell type: Thrombocytes""","""patient id: Lung-0104""","""cancer type: Lung""","""batch: Batch04""","""mutational subclass: EGFR, MET"""
"""Lung-0110""","""tissue: blood""","""cell type: Thrombocytes""","""patient id: Lung-0110""","""cancer type: Lung""","""batch: Batch04""","""mutational subclass: EGFR, MET"""
"""Lung-0112""","""tissue: blood""","""cell type: Thrombocytes""","""patient id: Lung-0112""","""cancer type: Lung""","""batch: Batch04""","""mutational subclass: EGFR, MET"""
"""Lung-0119""","""tissue: blood""","""cell type: Thrombocytes""","""patient id: Lung-0119""","""cancer type: Lung""","""batch: Batch04""","""mutational subclass: KRAS"""
"""Lung-004-EGFR""","""tissue: blood""","""cell type: Thrombocytes""","""patient id: Lung-04""","""cancer type: Lung""","""batch: Batch03""","""mutational subclass: EGFR, MET"""
"""Lung-006""","""tissue: blood""","""cell type: Thrombocytes""","""patient id: Lung-06""","""cancer type: Lung""","""batch: Batch02""","""mutational subclass: EGFR"""
"""Lung-0007""","""tissue: blood""","""cell type: Thrombocytes""","""patient id: Lung-07""","""cancer type: Lung""","""batch: Batch02""","""mutational subclass: KRAS"""
"""Lung-008""","""tissue: blood""","""cell type: Thrombocytes""","""patient id: Lung-08""","""cancer type: Lung""","""batch: Batch02""","""mutational subclass: EGFR"""
"""Lung-0012""","""tissue: blood""","""cell type: Thrombocytes""","""patient id: Lung-12""","""cancer type: Lung""","""batch: Batch02""","""mutational subclass: KRAS"""
"""Lung-0014J""","""tissue: blood""","""cell type: Thrombocytes""","""patient id: Lung-14""","""cancer type: Lung""","""batch: Batch02""","""mutational subclass: wt"""
"""Lung-0015""","""tissue: blood""","""cell type: Thrombocytes""","""patient id: Lung-15""","""cancer type: Lung""","""batch: Batch02""","""mutational subclass: wt"""
"""Lung-0016""","""tissue: blood""","""cell type: Thrombocytes""","""patient id: Lung-16""","""cancer type: Lung""","""batch: Batch02""","""mutational subclass: KRAS"""
"""Lung-0017""","""tissue: blood""","""cell type: Thrombocytes""","""patient id: Lung-17""","""cancer type: Lung""","""batch: Batch02""","""mutational subclass: KRAS"""
"""Lung-0020J""","""tissue: blood""","""cell type: Thrombocytes""","""patient id: Lung-20""","""cancer type: Lung""","""batch: Batch02""","""mutational subclass: wt"""
"""Lung-0020J-1""","""tissue: blood""","""cell type: Thrombocytes""","""patient id: Lung-20-1""","""cancer type: Lung""","""batch: Batch02""","""mutational subclass: wt"""
"""Lung-0024J-1""","""tissue: blood""","""cell type: Thrombocytes""","""patient id: Lung-24-1""","""cancer type: Lung""","""batch: Batch02""","""mutational subclass: wt"""
"""Lung-0025J""","""tissue: blood""","""cell type: Thrombocytes""","""patient id: Lung-25""","""cancer type: Lung""","""batch: Batch02""","""mutational subclass: wt"""
"""Lung-0026J""","""tissue: blood""","""cell type: Thrombocytes""","""patient id: Lung-26""","""cancer type: Lung""","""batch: Batch02""","""mutational subclass: wt"""
"""VU271-CRC""","""tissue: blood""","""cell type: Thrombocytes""","""patient id: Lung-271""","""cancer type: Lung""","""batch: Batch02""","""mutational subclass: wt"""
"""Lung-0029J-1-WT""","""tissue: blood""","""cell type: Thrombocytes""","""patient id: Lung-29""","""cancer type: Lung""","""batch: Batch03""","""mutational subclass: wt"""
"""Lung-0030J-1-WT""","""tissue: blood""","""cell type: Thrombocytes""","""patient id: Lung-30""","""cancer type: Lung""","""batch: Batch03""","""mutational subclass: wt"""
"""Lung-0037""","""tissue: blood""","""cell type: Thrombocytes""","""patient id: Lung-37""","""cancer type: Lung""","""batch: Batch02""","""mutational subclass: KRAS"""
"""Lung-0040""","""tissue: blood""","""cell type: Thrombocytes""","""patient id: Lung-40""","""cancer type: Lung""","""batch: Batch02""","""mutational subclass: KRAS"""
"""Lung-0042""","""tissue: blood""","""cell type: Thrombocytes""","""patient id: Lung-42""","""cancer type: Lung""","""batch: Batch02""","""mutational subclass: KRAS, MET"""
"""Lung-0046""","""tissue: blood""","""cell type: Thrombocytes""","""patient id: Lung-46""","""cancer type: Lung""","""batch: Batch02""","""mutational subclass: KRAS"""
"""Lung-0058-EGFR""","""tissue: blood""","""cell type: Thrombocytes""","""patient id: Lung-58""","""cancer type: Lung""","""batch: Batch03""","""mutational subclass: EGFR, MET"""
"""Lung-0061-EGFR""","""tissue: blood""","""cell type: Thrombocytes""","""patient id: Lung-61""","""cancer type: Lung""","""batch: Batch03""","""mutational subclass: EGFR, MET"""
"""Lung-0062-EGFR""","""tissue: blood""","""cell type: Thrombocytes""","""patient id: Lung-62""","""cancer type: Lung""","""batch: Batch03""","""mutational subclass: EGFR"""
"""Lung-0074-EGFR""","""tissue: blood""","""cell type: Thrombocytes""","""patient id: Lung-74""","""cancer type: Lung""","""batch: Batch03""","""mutational subclass: EGFR"""
"""Lung-L-13""","""tissue: blood""","""cell type: Thrombocytes""","""patient id: Lung-L.13""","""cancer type: Lung""","""batch: Batch04""","""mutational subclass: KRAS"""
"""Lung-L-15""","""tissue: blood""","""cell type: Thrombocytes""","""patient id: Lung-L.15""","""cancer type: Lung""","""batch: Batch04""","""mutational subclass: wt"""
"""Lung-L-26""","""tissue: blood""","""cell type: Thrombocytes""","""patient id: Lung-L.26""","""cancer type: Lung""","""batch: Batch04""","""mutational subclass: KRAS"""
"""Lung-L-33""","""tissue: blood""","""cell type: Thrombocytes""","""patient id: Lung-L.33""","""cancer type: Lung""","""batch: Batch04""","""mutational subclass: wt"""
"""Lung-L-4""","""tissue: blood""","""cell type: Thrombocytes""","""patient id: Lung-L.4""","""cancer type: Lung""","""batch: Batch04""","""mutational subclass: KRAS"""
"""VU260-CRC""","""tissue: blood""","""cell type: Thrombocytes""","""patient id: Panc-260""","""cancer type: Pancreas""","""batch: Batch02""","""mutational subclass: KRAS"""
"""286-Pancr-286-WT""","""tissue: blood""","""cell type: Thrombocytes""","""patient id: Panc-286""","""cancer type: Pancreas""","""batch: Batch03""","""mutational subclass: wt"""
"""314-Pancr-WT""","""tissue: blood""","""cell type: Thrombocytes""","""patient id: Panc-314""","""cancer type: Pancreas""","""batch: Batch03""","""mutational subclass: wt"""
"""327-Pancr-KRAS""","""tissue: blood""","""cell type: Thrombocytes""","""patient id: Panc-327""","""cancer type: Pancreas""","""batch: Batch03""","""mutational subclass: KRAS"""
"""328-Pancr-WT""","""tissue: blood""","""cell type: Thrombocytes""","""patient id: Panc-328""","""cancer type: Pancreas""","""batch: Batch03""","""mutational subclass: wt"""
"""331-Pancr-WT""","""tissue: blood""","""cell type: Thrombocytes""","""patient id: Panc-331""","""cancer type: Pancreas""","""batch: Batch03""","""mutational subclass: wt"""
"""Panc-335""","""tissue: blood""","""cell type: Thrombocytes""","""patient id: Panc-335""","""cancer type: Pancreas""","""batch: Batch04""","""mutational subclass: KRAS"""
"""367-Pancr-KRAS""","""tissue: blood""","""cell type: Thrombocytes""","""patient id: Panc-367""","""cancer type: Pancreas""","""batch: Batch03""","""mutational subclass: KRAS"""
"""369-Pancr-KRAS""","""tissue: blood""","""cell type: Thrombocytes""","""patient id: Panc-369""","""cancer type: Pancreas""","""batch: Batch03""","""mutational subclass: KRAS"""
"""Panc-370""","""tissue: blood""","""cell type: Thrombocytes""","""patient id: Panc-370""","""cancer type: Pancreas""","""batch: Batch04""","""mutational subclass: KRAS"""
"""371-Pancr-KRAS""","""tissue: blood""","""cell type: Thrombocytes""","""patient id: Panc-371""","""cancer type: Pancreas""","""batch: Batch03""","""mutational subclass: KRAS"""
"""380-Pancr-KRAS""","""tissue: blood""","""cell type: Thrombocytes""","""patient id: Panc-380""","""cancer type: Pancreas""","""batch: Batch03""","""mutational subclass: KRAS"""
"""382-Pancr-KRAS""","""tissue: blood""","""cell type: Thrombocytes""","""patient id: Panc-382""","""cancer type: Pancreas""","""batch: Batch03""","""mutational subclass: wt"""
"""387-Pancr-WT""","""tissue: blood""","""cell type: Thrombocytes""","""patient id: Panc-387""","""cancer type: Pancreas""","""batch: Batch03""","""mutational subclass: wt"""
"""388-Pancr-WT""","""tissue: blood""","""cell type: Thrombocytes""","""patient id: Panc-388""","""cancer type: Pancreas""","""batch: Batch03""","""mutational subclass: wt"""
"""389-Pancr-WT""","""tissue: blood""","""cell type: Thrombocytes""","""patient id: Panc-389""","""cancer type: Pancreas""","""batch: Batch03""","""mutational subclass: wt"""
"""390-Pancr-KRAS""","""tissue: blood""","""cell type: Thrombocytes""","""patient id: Panc-390""","""cancer type: Pancreas""","""batch: Batch03""","""mutational subclass: KRAS"""
"""391-Pancr-KRAS""","""tissue: blood""","""cell type: Thrombocytes""","""patient id: Panc-391""","""cancer type: Pancreas""","""batch: Batch03""","""mutational subclass: KRAS"""
"""431-Pancr-WT""","""tissue: blood""","""cell type: Thrombocytes""","""patient id: Panc-431""","""cancer type: Pancreas""","""batch: Batch03""","""mutational subclass: wt"""
"""434-Pancr-WT""","""tissue: blood""","""cell type: Thrombocytes""","""patient id: Panc-434""","""cancer type: Pancreas""","""batch: Batch03""","""mutational subclass: wt"""
"""Panc-435""","""tissue: blood""","""cell type: Thrombocytes""","""patient id: Panc-435""","""cancer type: Pancreas""","""batch: Batch04""","""mutational subclass: KRAS"""
"""448-Pancr-KRAS""","""tissue: blood""","""cell type: Thrombocytes""","""patient id: Panc-448""","""cancer type: Pancreas""","""batch: Batch03""","""mutational subclass: KRAS"""
"""Type-Unknown-4""","""tissue: blood""","""cell type: Thrombocytes""","""patient id: Panc-449""","""cancer type: Pancreas""","""batch: Batch03""","""mutational subclass: KRAS"""
"""Panc-451""","""tissue: blood""","""cell type: Thrombocytes""","""patient id: Panc-451""","""cancer type: Pancreas""","""batch: Batch04""","""mutational subclass: KRAS"""
"""Panc-461""","""tissue: blood""","""cell type: Thrombocytes""","""patient id: Panc-461""","""cancer type: Pancreas""","""batch: Batch04""","""mutational subclass: KRAS"""
"""Panc-477""","""tissue: blood""","""cell type: Thrombocytes""","""patient id: Panc-477""","""cancer type: Pancreas""","""batch: Batch04""","""mutational subclass: KRAS"""
"""488-Pancr-WT""","""tissue: blood""","""cell type: Thrombocytes""","""patient id: Panc-488""","""cancer type: Pancreas""","""batch: Batch03""","""mutational subclass: wt"""
"""Panc-493""","""tissue: blood""","""cell type: Thrombocytes""","""patient id: Panc-493""","""cancer type: Pancreas""","""batch: Batch04""","""mutational subclass: KRAS"""
"""498-Pancr-WT""","""tissue: blood""","""cell type: Thrombocytes""","""patient id: Panc-498""","""cancer type: Pancreas""","""batch: Batch03""","""mutational subclass: wt"""
"""Panc-501""","""tissue: blood""","""cell type: Thrombocytes""","""patient id: Panc-501""","""cancer type: Pancreas""","""batch: Batch04""","""mutational subclass: KRAS"""
"""Panc-503""","""tissue: blood""","""cell type: Thrombocytes""","""patient id: Panc-503""","""cancer type: Pancreas""","""batch: Batch04""","""mutational subclass: KRAS"""
"""512-Pancr-KRAS""","""tissue: blood""","""cell type: Thrombocytes""","""patient id: Panc-512""","""cancer type: Pancreas""","""batch: Batch03""","""mutational subclass: KRAS"""
"""553-Pancr-KRAS""","""tissue: blood""","""cell type: Thrombocytes""","""patient id: Panc-553""","""cancer type: Pancreas""","""batch: Batch03""","""mutational subclass: KRAS"""
"""Panc-593""","""tissue: blood""","""cell type: Thrombocytes""","""patient id: Panc-593""","""cancer type: Pancreas""","""batch: Batch04""","""mutational subclass: KRAS"""
"""Panc-597""","""tissue: blood""","""cell type: Thrombocytes""","""patient id: Panc-597""","""cancer type: Pancreas""","""batch: Batch04""","""mutational subclass: wt"""
"""MGH-BrCa-H-11""","""tissue: blood""","""cell type: thrombocytes""","""patient id: Breast-H11""","""cancer type: Breast""","""batch: Batch05""","""mutational subclass: PIK3CA"""
"""MGH-BrCa-H31-TR-489""","""tissue: blood""","""cell type: thrombocytes""","""patient id: Breast-H31""","""cancer type: Breast""","""batch: Batch06""","""mutational subclass: wt"""
"""MGH-BrCa-H38-TR467""","""tissue: blood""","""cell type: thrombocytes""","""patient id: Breast-H38""","""cancer type: Breast""","""batch: Batch06""","""mutational subclass: wt"""
"""MGH-BrCa-H-59""","""tissue: blood""","""cell type: thrombocytes""","""patient id: Breast-H59""","""cancer type: Breast""","""batch: Batch05""","""mutational subclass: wt"""
"""MGH-BrCa-H63-TR-491""","""tissue: blood""","""cell type: thrombocytes""","""patient id: Breast-H63""","""cancer type: Breast""","""batch: Batch06""","""mutational subclass: wt"""
"""MGH-BrCa-H-66""","""tissue: blood""","""cell type: thrombocytes""","""patient id: Breast-H66""","""cancer type: Breast""","""batch: Batch05""","""mutational subclass: wt"""
"""MGH-BrCa-H-68""","""tissue: blood""","""cell type: thrombocytes""","""patient id: Breast-H68""","""cancer type: Breast""","""batch: Batch05""","""mutational subclass: wt"""
"""MGH-BrCa-H-74""","""tissue: blood""","""cell type: thrombocytes""","""patient id: Breast-H74""","""cancer type: Breast""","""batch: Batch05""","""mutational subclass: HER2+"""
"""MGH-BrCa-H-75""","""tissue: blood""","""cell type: thrombocytes""","""patient id: Breast-H75""","""cancer type: Breast""","""batch: Batch05""","""mutational subclass: PIK3CA"""
"""MGH-BrCa-H76-TR469""","""tissue: blood""","""cell type: thrombocytes""","""patient id: Breast-H76""","""cancer type: Breast""","""batch: Batch06""","""mutational subclass: HER2+"""
"""MGH-BrCa-H81-TR492""","""tissue: blood""","""cell type: thrombocytes""","""patient id: Breast-H81""","""cancer type: Breast""","""batch: Batch06""","""mutational subclass: HER2+"""
"""MGH-BrCa-H83-TR550""","""tissue: blood""","""cell type: thrombocytes""","""patient id: Breast-H83""","""cancer type: Breast""","""batch: Batch06""","""mutational subclass: HER2+"""
"""MGH-BrCa-H84-TR551""","""tissue: blood""","""cell type: thrombocytes""","""patient id: Breast-H84""","""cancer type: Breast""","""batch: Batch06""","""mutational subclass: HER2+"""
"""MGH-BrCa-H89-TR471""","""tissue: blood""","""cell type: thrombocytes""","""patient id: Breast-H89""","""cancer type: Breast""","""batch: Batch06""","""mutational subclass: wt"""
"""MGH-BrCa-H92-TR472""","""tissue: blood""","""cell type: thrombocytes""","""patient id: Breast-H92""","""cancer type: Breast""","""batch: Batch06""","""mutational subclass: HER2+"""
"""MGH-CRC-BRAF4-TR547""","""tissue: blood""","""cell type: thrombocytes""","""patient id: Chol-BRAF4""","""cancer type: Hepatobiliary""","""batch: Batch06""","""mutational subclass: wt"""
"""MGH-CRC-368""","""tissue: blood""","""cell type: thrombocytes""","""patient id: CRC-368""","""cancer type: CRC""","""batch: Batch05""","""mutational subclass: wt"""
"""MGH-CRC-412-TR466""","""tissue: blood""","""cell type: thrombocytes""","""patient id: CRC-412""","""cancer type: CRC""","""batch: Batch06""","""mutational subclass: wt"""
"""MGH-CRC-BRAF5-TR548""","""tissue: blood""","""cell type: thrombocytes""","""patient id: CRC-BRAF5""","""cancer type: CRC""","""batch: Batch06""","""mutational subclass: wt"""
"""MGH-CRC-BRAF6-TR465""","""tissue: blood""","""cell type: thrombocytes""","""patient id: CRC-BRAF6""","""cancer type: CRC""","""batch: Batch06""","""mutational subclass: wt"""
"""Vumc-NSCLC-49""","""tissue: blood""","""cell type: thrombocytes""","""patient id: Lung-49""","""cancer type: Lung""","""batch: Batch05""","""mutational subclass: KRAS"""
"""Vumc-NSCLC-57""","""tissue: blood""","""cell type: thrombocytes""","""patient id: Lung-57""","""cancer type: Lung""","""batch: Batch05""","""mutational subclass: KRAS"""
"""Vumc-NSCLC-59""","""tissue: blood""","""cell type: thrombocytes""","""patient id: Lung-59""","""cancer type: Lung""","""batch: Batch05""","""mutational subclass: KRAS"""
"""MGH-NSCLC-L01-TR458""","""tissue: blood""","""cell type: thrombocytes""","""patient id: Lung-L01""","""cancer type: Lung""","""batch: Batch06""","""mutational subclass: EGFR"""
"""MGH-NSCLC-L03-TR488""","""tissue: blood""","""cell type: thrombocytes""","""patient id: Lung-L03""","""cancer type: Lung""","""batch: Batch06""","""mutational subclass: KRAS"""
"""MGH-NSCLC-L07-TR459""","""tissue: blood""","""cell type: thrombocytes""","""patient id: Lung-L07""","""cancer type: Lung""","""batch: Batch06""","""mutational subclass: EGFR"""
"""MGH-NSCLC-L11-TR477""","""tissue: blood""","""cell type: thrombocytes""","""patient id: Lung-L11""","""cancer type: Lung""","""batch: Batch06""","""mutational subclass: EGFR"""
"""MGH-NSCLC-L12-TR478""","""tissue: blood""","""cell type: thrombocytes""","""patient id: Lung-L12""","""cancer type: Lung""","""batch: Batch06""","""mutational subclass: EGFR"""
"""MGH-NSCLC-L18-TR479""","""tissue: blood""","""cell type: thrombocytes""","""patient id: Lung-L18""","""cancer type: Lung""","""batch: Batch06""","""mutational subclass: EGFR"""
"""MGH-NSCLC-L19-TR461""","""tissue: blood""","""cell type: thrombocytes""","""patient id: Lung-L19""","""cancer type: Lung""","""batch: Batch06""","""mutational subclass: KRAS"""
"""MGH-NSCLC-L20-TR500""","""tissue: blood""","""cell type: thrombocytes""","""patient id: Lung-L20""","""cancer type: Lung""","""batch: Batch06""","""mutational subclass: EGFR"""
"""MGH-NSCLC-L22-TR462""","""tissue: blood""","""cell type: thrombocytes""","""patient id: Lung-L22""","""cancer type: Lung""","""batch: Batch06""","""mutational subclass: KRAS"""
"""MGH-NSCLC-L23-TR524""","""tissue: blood""","""cell type: thrombocytes""","""patient id: Lung-L23""","""cancer type: Lung""","""batch: Batch06""","""mutational subclass: EGFR"""
"""MGH-NSCLC-L25-TR480""","""tissue: blood""","""cell type: thrombocytes""","""patient id: Lung-L25""","""cancer type: Lung""","""batch: Batch06""","""mutational subclass: EGFR"""
"""MGH-NSCLC-L39-TR519""","""tissue: blood""","""cell type: thrombocytes""","""patient id: Lung-L39""","""cancer type: Lung""","""batch: Batch06""","""mutational subclass: KRAS"""
"""MGH-NSCLC-L40-TR520""","""tissue: blood""","""cell type: thrombocytes""","""patient id: Lung-L40""","""cancer type: Lung""","""batch: Batch06""","""mutational subclass: KRAS"""
"""MGH-NSCLC-L51-TR521""","""tissue: blood""","""cell type: thrombocytes""","""patient id: Lung-L51""","""cancer type: Lung""","""batch: Batch06""","""mutational subclass: KRAS"""
"""MGH-NSCLC-L58-TR525""","""tissue: blood""","""cell type: thrombocytes""","""patient id: Lung-L58""","""cancer type: Lung""","""batch: Batch06""","""mutational subclass: EGFR"""
"""MGH-NSCLC-L59-TR522""","""tissue: blood""","""cell type: thrombocytes""","""patient id: Lung-L59""","""cancer type: Lung""","""batch: Batch06""","""mutational subclass: KRAS"""
"""MGH-NSCLC-L65-TR523""","""tissue: blood""","""cell type: thrombocytes""","""patient id: Lung-L65""","""cancer type: Lung""","""batch: Batch06""","""mutational subclass: KRAS"""
